{"name":"51e7ae08-b04e-4100-8eb7-948eeda132e2","id":"/providers/Microsoft.Flow/flows/51e7ae08-b04e-4100-8eb7-948eeda132e2","type":"Microsoft.Flow/flows","properties":{"apiId":"/providers/Microsoft.PowerApps/apis/shared_logicflows","displayName":"Minute_Automation","definition":{"metadata":{"workflowEntityId":null,"processAdvisorMetadata":null,"flowclientsuspensionreason":"None","flowclientsuspensiontime":null,"flowclientsuspensionreasondetails":null,"creator":{"id":"d0461964-21df-40c3-9f36-899bff1d35e4","type":"User","tenantId":"e9112c5c-e4bb-4ab9-8b4c-3692f43531a7"},"provisioningMethod":"FromDefinition","failureAlertSubscription":true,"clientLastModifiedTime":"2022-10-27T10:29:47.3038235Z"},"$schema":"https://schema.management.azure.com/providers/Microsoft.Logic/schemas/2016-06-01/workflowdefinition.json#","contentVersion":"1.0.0.0","parameters":{"$connections":{"defaultValue":{},"type":"Object"},"$authentication":{"defaultValue":{},"type":"SecureObject"}},"triggers":{"manual":{"metadata":{"operationMetadataId":"fd17c8b3-6c63-48d8-bd3f-d740b836335b","flowSystemMetadata":{"swaggerOperationId":"ForASelectedMessageV2","taskModuleWidth":null,"taskModuleHeight":null,"inputsAdaptiveCard":"{\"$schema\":\"http://adaptivecards.io/schemas/adaptive-card.json\",\"type\":\"AdaptiveCard\",\"version\":\"1.3\",\"body\":[{\"type\":\"TextBlock\",\"text\":\"Minute Automation \",\"weight\":\"Bolder\",\"size\":\"Medium\"},{\"type\":\"TextBlock\",\"text\":\"We just need a few more details to set up your new minute\",\"isSubtle\":true,\"wrap\":true},{\"type\":\"TextBlock\",\"text\":\"Agreements\",\"wrap\":true},{\"type\":\"Input.Text\",\"id\":\"Agreements\",\"placeholder\":\"Agreements of the meeting\",\"spacing\":\"None\"},{\"type\":\"TextBlock\",\"text\":\"Assistants\",\"wrap\":true},{\"type\":\"Input.Text\",\"id\":\"Assistants\",\"style\":\"Email\",\"spacing\":\"None\",\"placeholder\":\"Assistants email\"}],\"actions\":[{\"type\":\"Action.Submit\",\"title\":\"Submit\",\"associatedInputs\":\"auto\"}],\"-ms-tokens\":{}}"}},"type":"Request","kind":"ApiConnection","inputs":{"schema":{"type":"object","properties":{"cardOutputs":{"type":"object","properties":{"assistants":{"title":"assistants","type":"string"},"agreements":{"title":"agreements","type":"string"}}}},"required":["cardOutputs"]},"host":{"connection":{"name":"@parameters('$connections')['shared_teams']['connectionId']"},"api":{"runtimeUrl":"https://flow-apim-europe-002-northeurope-01.azure-apim.net/apim/teams"}},"operationId":"ForASelectedMessageV2","parameters":{"inputsAdaptiveCard":"{\"$schema\":\"http://adaptivecards.io/schemas/adaptive-card.json\",\"type\":\"AdaptiveCard\",\"version\":\"1.3\",\"body\":[{\"type\":\"TextBlock\",\"text\":\"Minute Automation \",\"weight\":\"Bolder\",\"size\":\"Medium\"},{\"type\":\"TextBlock\",\"text\":\"We just need a few more details to set up your new minute\",\"isSubtle\":true,\"wrap\":true},{\"type\":\"TextBlock\",\"text\":\"Agreements\",\"wrap\":true},{\"type\":\"Input.Text\",\"id\":\"Agreements\",\"placeholder\":\"Agreements of the meeting\",\"spacing\":\"None\"},{\"type\":\"TextBlock\",\"text\":\"Assistants\",\"wrap\":true},{\"type\":\"Input.Text\",\"id\":\"Assistants\",\"style\":\"Email\",\"spacing\":\"None\",\"placeholder\":\"Assistants email\"}],\"actions\":[{\"type\":\"Action.Submit\",\"title\":\"Submit\",\"associatedInputs\":\"auto\"}],\"-ms-tokens\":{}}"}}}},"actions":{"Set_Assistant_variable":{"runAfter":{"Convert_time_zone":["Succeeded"]},"metadata":{"operationMetadataId":"f62899f0-fe24-47a1-9b9d-d26d036f0a57"},"type":"InitializeVariable","inputs":{"variables":[{"name":"Assistants","type":"string","value":"@triggerBody()?['cardOutputs']?['assistants']"}]}},"Set_Agreement_variable":{"runAfter":{"Set_Assistant_variable":["Succeeded"]},"metadata":{"operationMetadataId":"2a518211-c415-452a-a7d5-71db779257d3"},"type":"InitializeVariable","inputs":{"variables":[{"name":"Agreements","type":"string","value":"@triggerBody()?['cardOutputs']?['agreements']"}]}},"Set_Date_variable":{"runAfter":{"Set_Agreement_variable":["Succeeded"]},"metadata":{"operationMetadataId":"3d1f4e97-5c29-4aa2-b773-dda77c64cf72"},"type":"InitializeVariable","inputs":{"variables":[{"name":"Date","type":"string","value":"@body('Convert_time_zone')"}]}},"Populate_a_Microsoft_Word_template":{"runAfter":{"Set_Date_variable":["Succeeded"]},"metadata":{"01QVJQYPGE2MKTTZI76NBI6U3GI7WNQM3K":"/Template/PowerAutomateMinuteTemplate.docx","operationMetadataId":"d4e168b0-10ed-491d-82e6-586a61783f23"},"type":"OpenApiConnection","inputs":{"host":{"apiId":"/providers/Microsoft.PowerApps/apis/shared_wordonlinebusiness","connectionName":"shared_wordonlinebusiness","operationId":"CreateFileItem"},"parameters":{"source":"groups/6c5113c6-adb8-4460-811b-167df8b98df7","drive":"b!t8uOrBtLFkK3cABM3lMDNOEh4ImlQNlPj7JsJ_mwnvPu9G_iCJdnSqtzNPwOeXHT","file":"01QVJQYPGE2MKTTZI76NBI6U3GI7WNQM3K","dynamicFileSchema/696516916":"@variables('Agreements')","dynamicFileSchema/1315221083":"@variables('Date')","dynamicFileSchema/1724251087":"@variables('Assistants')"},"authentication":{"value":"@json(decodeBase64(triggerOutputs().headers['X-MS-APIM-Tokens']))['$ConnectionKey']","type":"Raw"}}},"Create_template_file":{"runAfter":{"Populate_a_Microsoft_Word_template":["Succeeded"]},"metadata":{"operationMetadataId":"cf3d9c67-a9c8-4b77-b9b3-d6ca8b9d4ec1"},"type":"OpenApiConnection","inputs":{"host":{"apiId":"/providers/Microsoft.PowerApps/apis/shared_sharepointonline","connectionName":"shared_sharepointonline","operationId":"CreateFile"},"parameters":{"dataset":"https://t8656.sharepoint.com/sites/Mail_Manipulation","folderPath":"/Shared Documents/Minutes","name":"Minute_@{variables('Date')}.docx","body":"@body('Populate_a_Microsoft_Word_template')"},"authentication":{"value":"@json(decodeBase64(triggerOutputs().headers['X-MS-APIM-Tokens']))['$ConnectionKey']","type":"Raw"}},"runtimeConfiguration":{"contentTransfer":{"transferMode":"Chunked"}}},"Send_an_email_to_assistants":{"runAfter":{"Get_template_file_content":["Succeeded"]},"metadata":{"operationMetadataId":"c386f00b-f329-437f-96f5-1591a25669ce"},"type":"OpenApiConnection","inputs":{"host":{"apiId":"/providers/Microsoft.PowerApps/apis/shared_office365","connectionName":"shared_office365","operationId":"SendEmailV2"},"parameters":{"emailMessage/To":"@variables('Assistants')","emailMessage/Subject":"Minutes test","emailMessage/Body":"<p>This is the body of the minutes test.</p>","emailMessage/Attachments":[{"Name":"Minute_@{body('Convert_time_zone')}.docx","ContentBytes":"@body('Get_template_file_content')"}],"emailMessage/Importance":"Normal"},"authentication":{"value":"@json(decodeBase64(triggerOutputs().headers['X-MS-APIM-Tokens']))['$ConnectionKey']","type":"Raw"}}},"Current_time":{"runAfter":{},"metadata":{"operationMetadataId":"da51a74c-0c17-482a-8ae7-09a59dc93cf0"},"type":"Expression","kind":"CurrentTime","inputs":{}},"Convert_time_zone":{"runAfter":{"Current_time":["Succeeded"]},"metadata":{"operationMetadataId":"1ca8b9f9-02ce-405b-bad4-da30699298cd"},"type":"Expression","kind":"ConvertTimeZone","inputs":{"baseTime":"@body('Current_time')","formatString":"f","sourceTimeZone":"UTC","destinationTimeZone":"Romance Standard Time"}},"Get_template_file_content":{"runAfter":{"Create_template_file":["Succeeded"]},"metadata":{"operationMetadataId":"6e59c82e-7c4b-4750-a4c4-76b45888bf55"},"type":"OpenApiConnection","inputs":{"host":{"apiId":"/providers/Microsoft.PowerApps/apis/shared_sharepointonline","connectionName":"shared_sharepointonline","operationId":"GetFileContent"},"parameters":{"dataset":"https://t8656.sharepoint.com/sites/Mail_Manipulation","id":"@outputs('Create_template_file')?['body/Id']","inferContentType":true},"authentication":{"value":"@json(decodeBase64(triggerOutputs().headers['X-MS-APIM-Tokens']))['$ConnectionKey']","type":"Raw"}}}}},"connectionReferences":{"shared_teams":{"connectionName":"0528c8472058489b95c2779709c24f08","source":"Invoker","id":"/providers/Microsoft.PowerApps/apis/shared_teams","tier":"NotSpecified"},"shared_wordonlinebusiness":{"connectionName":"shared-wordonlinebus-8614cc24-8050-4e13-8f3c-5affa6b8343d","source":"Invoker","id":"/providers/Microsoft.PowerApps/apis/shared_wordonlinebusiness","tier":"NotSpecified"},"shared_sharepointonline":{"connectionName":"52d1c1b2907441b091a152ca80e9bbba","source":"Invoker","id":"/providers/Microsoft.PowerApps/apis/shared_sharepointonline","tier":"NotSpecified"},"shared_office365":{"connectionName":"92a551f44d6f4fdd966ad342dace1ef2","source":"Invoker","id":"/providers/Microsoft.PowerApps/apis/shared_office365","tier":"NotSpecified"}},"flowFailureAlertSubscribed":false,"isManaged":false}}