{"name":"64ab0411-7b09-48e5-a5e2-aa4fd188f92a","id":"/providers/Microsoft.Flow/flows/64ab0411-7b09-48e5-a5e2-aa4fd188f92a","type":"Microsoft.Flow/flows","properties":{"apiId":"/providers/Microsoft.PowerApps/apis/shared_logicflows","displayName":"EmailAdvise","definition":{"metadata":{"workflowEntityId":null,"processAdvisorMetadata":null,"flowclientsuspensionreason":"None","flowclientsuspensiontime":null,"flowclientsuspensionreasondetails":null,"creator":{"id":"d0461964-21df-40c3-9f36-899bff1d35e4","type":"User","tenantId":"e9112c5c-e4bb-4ab9-8b4c-3692f43531a7"},"provisioningMethod":"FromDefinition","failureAlertSubscription":true,"clientLastModifiedTime":"2022-09-08T20:25:53.4126222Z"},"$schema":"https://schema.management.azure.com/providers/Microsoft.Logic/schemas/2016-06-01/workflowdefinition.json#","contentVersion":"1.0.0.0","parameters":{"$connections":{"defaultValue":{},"type":"Object"},"$authentication":{"defaultValue":{},"type":"SecureObject"}},"triggers":{"Recurrence":{"recurrence":{"frequency":"Day","interval":1},"metadata":{"operationMetadataId":"ae67ea92-28b9-48eb-a964-966755035270"},"type":"Recurrence"}},"actions":{"Get_files_(properties_only)":{"runAfter":{},"metadata":{"operationMetadataId":"2ccfddd2-8332-450c-acf5-17f4f7a6d098"},"type":"OpenApiConnection","inputs":{"host":{"apiId":"/providers/Microsoft.PowerApps/apis/shared_sharepointonline","connectionName":"shared_sharepointonline","operationId":"GetFileItems"},"parameters":{"dataset":"https://t8656.sharepoint.com/sites/Mail_Manipulation","table":"e26ff4ee-9708-4a67-ab73-34fc0e7971d3","folderPath":"/Shared Documents/EmailAdvise"},"authentication":"@parameters('$authentication')"}},"Apply_to_each_2":{"foreach":"@outputs('Get_files_(properties_only)')?['body/value']","actions":{"List_rows_present_in_a_table":{"runAfter":{},"metadata":{"operationMetadataId":"88ba0f7d-a6e4-4e7a-a8ec-98ca656d63e3","tableId":"Table1","01QVJQYPFRY7N5QC42UFH2EB63HGJBN5XF":"/TestExcel.xlsx"},"type":"OpenApiConnection","inputs":{"host":{"apiId":"/providers/Microsoft.PowerApps/apis/shared_excelonlinebusiness","connectionName":"shared_excelonlinebusiness","operationId":"GetItems"},"parameters":{"source":"groups/6c5113c6-adb8-4460-811b-167df8b98df7","drive":"b!t8uOrBtLFkK3cABM3lMDNOEh4ImlQNlPj7JsJ_mwnvPu9G_iCJdnSqtzNPwOeXHT","file":"@items('Apply_to_each_2')?['{FullPath}']","table":"Table1"},"authentication":"@parameters('$authentication')"}},"Apply_to_each":{"foreach":"@outputs('List_rows_present_in_a_table')?['body/value']","actions":{"Condition_2":{"actions":{"Send_an_email_(V2)":{"runAfter":{},"metadata":{"operationMetadataId":"90eac49c-7d74-498e-804d-d3fc1c8bbab8"},"type":"OpenApiConnection","inputs":{"host":{"apiId":"/providers/Microsoft.PowerApps/apis/shared_office365","connectionName":"shared_office365","operationId":"SendEmailV2"},"parameters":{"emailMessage/To":"@items('Apply_to_each')?['Email']","emailMessage/Subject":"This is a email test","emailMessage/Body":"<p>&nbsp;@{items('Apply_to_each')?['Person']} has a payment bigger than 15</p>","emailMessage/Importance":"Normal"},"authentication":"@parameters('$authentication')"}}},"runAfter":{},"expression":{"greater":["@int(items('Apply_to_each')?['Payment'])",15]},"metadata":{"operationMetadataId":"7ed56a6c-7af1-4d29-b50d-e6429f3a2f3a"},"type":"If"}},"runAfter":{"List_rows_present_in_a_table":["Succeeded"]},"metadata":{"operationMetadataId":"601da876-c516-4d22-bccd-4bebbcc9596e"},"type":"Foreach"}},"runAfter":{"Get_files_(properties_only)":["Succeeded"]},"metadata":{"operationMetadataId":"c67ef2b6-720b-4574-bd06-d861d79e4904"},"type":"Foreach"}}},"connectionReferences":{"shared_sharepointonline":{"connectionName":"52d1c1b2907441b091a152ca80e9bbba","source":"Embedded","id":"/providers/Microsoft.PowerApps/apis/shared_sharepointonline","tier":"NotSpecified"},"shared_excelonlinebusiness":{"connectionName":"shared-excelonlinebu-a3d52dad-1c5f-4e4b-97a7-35becfa4754a","source":"Embedded","id":"/providers/Microsoft.PowerApps/apis/shared_excelonlinebusiness","tier":"NotSpecified"},"shared_office365":{"connectionName":"92a551f44d6f4fdd966ad342dace1ef2","source":"Embedded","id":"/providers/Microsoft.PowerApps/apis/shared_office365","tier":"NotSpecified"}},"flowFailureAlertSubscribed":false,"isManaged":false}}