{"name":"7c4e8f7a-a99b-41ec-b41a-25726bf4d7d7","id":"/providers/Microsoft.Flow/flows/7c4e8f7a-a99b-41ec-b41a-25726bf4d7d7","type":"Microsoft.Flow/flows","properties":{"apiId":"/providers/Microsoft.PowerApps/apis/shared_logicflows","displayName":"ServicesDiagnostic_Flow","definition":{"metadata":{"workflowEntityId":null,"processAdvisorMetadata":null,"flowclientsuspensionreason":"None","flowclientsuspensiontime":null,"flowclientsuspensionreasondetails":null,"creator":{"id":"d0461964-21df-40c3-9f36-899bff1d35e4","type":"User","tenantId":"e9112c5c-e4bb-4ab9-8b4c-3692f43531a7"},"provisioningMethod":"FromDefinition","failureAlertSubscription":true,"clientLastModifiedTime":"2022-10-27T16:40:42.0393927Z"},"$schema":"https://schema.management.azure.com/providers/Microsoft.Logic/schemas/2016-06-01/workflowdefinition.json#","contentVersion":"1.0.0.0","parameters":{"$connections":{"defaultValue":{},"type":"Object"},"$authentication":{"defaultValue":{},"type":"SecureObject"}},"triggers":{"Schedule":{"recurrence":{"frequency":"Day","interval":1},"metadata":{"operationMetadataId":"d7853f23-3c54-4e48-84de-07f516b8ab7a"},"type":"Recurrence"}},"actions":{"Set_App_Id":{"runAfter":{"Convert_time_zone":["Succeeded"]},"metadata":{"operationMetadataId":"fcfcdcda-eebc-4e48-bce2-efed2599ee14"},"type":"InitializeVariable","inputs":{"variables":[{"name":"AppId","type":"string","value":"92ee2d9c-3f39-4c07-90d3-8d96445ad818"}]}},"Set_Tenant_Id":{"runAfter":{"Set_App_Id":["Succeeded"]},"metadata":{"operationMetadataId":"22c74adf-5cc9-45d4-bd6d-bf98d6c15e05"},"type":"InitializeVariable","inputs":{"variables":[{"name":"TenantId","type":"string","value":"e9112c5c-e4bb-4ab9-8b4c-3692f43531a7"}]}},"Inicializar_variable":{"runAfter":{"Set_Tenant_Id":["Succeeded"]},"metadata":{"operationMetadataId":"73c88685-f221-43ca-b9ab-282736274c35"},"type":"InitializeVariable","inputs":{"variables":[{"name":"SecretValue","type":"string","value":"W658Q~sh~3fBGuzpvr35lu1U46UsGtq2buTLgciT"}]}},"HTTP_user_graph_query":{"runAfter":{"Set_ListClean":["Succeeded"]},"metadata":{"operationMetadataId":"7b29130f-0889-42f7-8cb2-0a23fc0496cf"},"type":"Http","inputs":{"method":"GET","uri":"https://graph.microsoft.com/v1.0/admin/serviceAnnouncement/healthOverviews/","headers":{"content-type":"application/json"},"authentication":{"type":"ActiveDirectoryOAuth","tenant":"@variables('TenantId')","audience":"https://graph.microsoft.com","clientId":"@variables('AppId')","secret":"@variables('SecretValue')"}}},"Parse_JSON_to_add_in_to_a_Sharepoint_List":{"runAfter":{"HTTP_user_graph_query":["Succeeded"]},"metadata":{"operationMetadataId":"945c92f6-3736-4fd6-8a15-92cb1caebd28"},"type":"ParseJson","inputs":{"content":"@body('HTTP_user_graph_query')","schema":{"type":"object","properties":{"@@odata.context":{"type":"string"},"value":{"type":"array","items":{"type":"object","properties":{"service":{"type":"string"},"status":{"type":"string"},"id":{"type":"string"}},"required":["service","status","id"]}}}}}},"Current_time":{"runAfter":{},"metadata":{"operationMetadataId":"ebf97a8a-02bd-44ec-8568-fe374dd1f091"},"type":"Expression","kind":"CurrentTime","inputs":{}},"Convert_time_zone":{"runAfter":{"Current_time":["Succeeded"]},"metadata":{"operationMetadataId":"2dcf93c1-63d4-442d-b9e4-1a95d0549dfd"},"type":"Expression","kind":"ConvertTimeZone","inputs":{"baseTime":"@body('Current_time')","formatString":"D","sourceTimeZone":"UTC","destinationTimeZone":"Romance Standard Time"}},"Set_ListClean":{"runAfter":{"Inicializar_variable":["Succeeded"]},"metadata":{"operationMetadataId":"7e01a156-2afc-4789-97d3-d5cc11e17ec8"},"type":"InitializeVariable","inputs":{"variables":[{"name":"ListClean","type":"string","value":"ListNotClear"}]}},"Apply_to_each":{"foreach":"@body('Parse_JSON_to_add_in_to_a_Sharepoint_List')?['value']","actions":{"Status":{"runAfter":{},"metadata":{"operationMetadataId":"6dd4e67c-71bb-4573-ba01-63face2b8abd"},"type":"Compose","inputs":"@items('Apply_to_each')?['status']"},"Condition":{"actions":{"Send_an_email_(V2)":{"runAfter":{},"metadata":{"operationMetadataId":"4958e0e0-eeb3-431d-989a-2aab2475d5b5"},"type":"OpenApiConnection","inputs":{"host":{"apiId":"/providers/Microsoft.PowerApps/apis/shared_office365","connectionName":"shared_office365","operationId":"SendEmailV2"},"parameters":{"emailMessage/To":"manuelportero@t8656.onmicrosoft.com","emailMessage/Subject":"Alert for @{items('Apply_to_each')?['service']} service","emailMessage/Body":"<p>The service @{items('Apply_to_each')?['service']} is being degradated the @{body('Convert_time_zone')}.</p>","emailMessage/Importance":"Normal"},"authentication":"@parameters('$authentication')"}}},"runAfter":{"Status":["Succeeded"]},"expression":{"contains":["@outputs('Status')","serviceDegradation"]},"metadata":{"operationMetadataId":"a4480564-292f-4b5e-a1e4-40df3ba2169e"},"type":"If"}},"runAfter":{"Parse_JSON_to_add_in_to_a_Sharepoint_List":["Succeeded"]},"metadata":{"operationMetadataId":"53e59f5d-e7c7-4e54-baad-d562494c1755"},"type":"Foreach"}},"outputs":{}},"connectionReferences":{"shared_office365":{"connectionName":"92a551f44d6f4fdd966ad342dace1ef2","source":"Embedded","id":"/providers/Microsoft.PowerApps/apis/shared_office365","tier":"NotSpecified"}},"flowFailureAlertSubscribed":false,"isManaged":false}}