{"name":"abd0982a-b647-41d6-90c1-6cbbc648f5f7","id":"/providers/Microsoft.Flow/flows/abd0982a-b647-41d6-90c1-6cbbc648f5f7","type":"Microsoft.Flow/flows","properties":{"apiId":"/providers/Microsoft.PowerApps/apis/shared_logicflows","displayName":"EmailProcesser","definition":{"metadata":{"workflowEntityId":null,"processAdvisorMetadata":null,"flowclientsuspensionreason":"None","flowclientsuspensiontime":null,"flowclientsuspensionreasondetails":null,"creator":{"id":"d0461964-21df-40c3-9f36-899bff1d35e4","type":"User","tenantId":"e9112c5c-e4bb-4ab9-8b4c-3692f43531a7"},"provisioningMethod":"FromDefinition","failureAlertSubscription":true,"clientLastModifiedTime":"2022-09-08T14:25:01.3150585Z"},"$schema":"https://schema.management.azure.com/providers/Microsoft.Logic/schemas/2016-06-01/workflowdefinition.json#","contentVersion":"1.0.0.0","parameters":{"$connections":{"defaultValue":{},"type":"Object"},"$authentication":{"defaultValue":{},"type":"SecureObject"}},"triggers":{"When_a_new_email_arrives_(V3)":{"splitOn":"@triggerOutputs()?['body/value']","metadata":{"operationMetadataId":"48bce1c6-eae6-42c0-b07b-a79c74da84c7","Id::AAMkADVhMTdkZjgwLWUxYmQtNDkzNS1iY2M3LTVhZGQ1NmJmZDc1ZgAuAAAAAADsEUKOe_D6TpMsVVcb_kYGAQBlITTCg3UPSaj521vVarmGAAAAAAEMAAA=":"Bandeja de entrada"},"type":"OpenApiConnectionNotification","inputs":{"host":{"apiId":"/providers/Microsoft.PowerApps/apis/shared_office365","connectionName":"shared_office365","operationId":"OnNewEmailV3"},"parameters":{"folderPath":"Id::AAMkADVhMTdkZjgwLWUxYmQtNDkzNS1iY2M3LTVhZGQ1NmJmZDc1ZgAuAAAAAADsEUKOe_D6TpMsVVcb_kYGAQBlITTCg3UPSaj521vVarmGAAAAAAEMAAA=","includeAttachments":true,"subjectFilter":"TestExcel","importance":"Any","fetchOnlyWithAttachment":false},"authentication":"@parameters('$authentication')"}}},"actions":{"Apply_to_each":{"foreach":"@triggerOutputs()?['body/attachments']","actions":{"Condition":{"actions":{"Create_file":{"runAfter":{},"metadata":{"operationMetadataId":"b65a1508-fd2d-4521-8cf7-5c9c09693790"},"type":"OpenApiConnection","inputs":{"host":{"apiId":"/providers/Microsoft.PowerApps/apis/shared_sharepointonline","connectionName":"shared_sharepointonline","operationId":"CreateFile"},"parameters":{"dataset":"https://t8656.sharepoint.com/sites/Mail_Manipulation/","folderPath":"/Shared Documents","name":"@items('Apply_to_each')?['name']","body":"@items('Apply_to_each')?['contentBytes']"},"authentication":"@parameters('$authentication')"},"runtimeConfiguration":{"contentTransfer":{"transferMode":"Chunked"}}}},"runAfter":{},"expression":{"contains":["@items('Apply_to_each')?['name']","TestExcel"]},"metadata":{"operationMetadataId":"70d36bb2-b223-4217-9a95-a2c7912a9a5d"},"type":"If"}},"runAfter":{},"metadata":{"operationMetadataId":"43043fde-0400-401f-8635-3ccc933f1ef1"},"type":"Foreach"}},"outputs":{}},"connectionReferences":{"shared_sharepointonline":{"connectionName":"52d1c1b2907441b091a152ca80e9bbba","source":"Embedded","id":"/providers/Microsoft.PowerApps/apis/shared_sharepointonline","tier":"NotSpecified"},"shared_office365":{"connectionName":"92a551f44d6f4fdd966ad342dace1ef2","source":"Embedded","id":"/providers/Microsoft.PowerApps/apis/shared_office365","tier":"NotSpecified"}},"flowFailureAlertSubscribed":false,"isManaged":false}}