{"name":"7015ba03-f138-4482-b9b5-7b4eca9ec12f","id":"/providers/Microsoft.Flow/flows/7015ba03-f138-4482-b9b5-7b4eca9ec12f","type":"Microsoft.Flow/flows","properties":{"apiId":"/providers/Microsoft.PowerApps/apis/shared_logicflows","displayName":"EmailDocumentCreationAndArchive","definition":{"metadata":{"workflowEntityId":null,"processAdvisorMetadata":null,"flowclientsuspensionreason":"None","flowclientsuspensiontime":null,"flowclientsuspensionreasondetails":null,"creator":{"id":"d0461964-21df-40c3-9f36-899bff1d35e4","type":"User","tenantId":"e9112c5c-e4bb-4ab9-8b4c-3692f43531a7"},"provisioningMethod":"FromDefinition","failureAlertSubscription":true,"clientLastModifiedTime":"2022-09-08T20:30:36.0318318Z"},"$schema":"https://schema.management.azure.com/providers/Microsoft.Logic/schemas/2016-06-01/workflowdefinition.json#","contentVersion":"1.0.0.0","parameters":{"$connections":{"defaultValue":{},"type":"Object"},"$authentication":{"defaultValue":{},"type":"SecureObject"}},"triggers":{"Recurrence":{"recurrence":{"frequency":"Day","interval":1},"metadata":{"operationMetadataId":"ae67ea92-28b9-48eb-a964-966755035270"},"type":"Recurrence"}},"actions":{"Get_files_(properties_only)":{"runAfter":{"Convert_time_zone":["Succeeded"]},"metadata":{"operationMetadataId":"2ccfddd2-8332-450c-acf5-17f4f7a6d098"},"type":"OpenApiConnection","inputs":{"host":{"apiId":"/providers/Microsoft.PowerApps/apis/shared_sharepointonline","connectionName":"shared_sharepointonline","operationId":"GetFileItems"},"parameters":{"dataset":"https://t8656.sharepoint.com/sites/Mail_Manipulation","table":"e26ff4ee-9708-4a67-ab73-34fc0e7971d3","folderPath":"/Shared Documents/Template"},"authentication":"@parameters('$authentication')"}},"Apply_to_each_2":{"foreach":"@outputs('Get_files_(properties_only)')?['body/value']","actions":{"List_rows_present_in_a_table":{"runAfter":{},"metadata":{"operationMetadataId":"88ba0f7d-a6e4-4e7a-a8ec-98ca656d63e3","tableId":"Table1","01QVJQYPFRY7N5QC42UFH2EB63HGJBN5XF":"/TestExcel.xlsx","01QVJQYPFUBS3HJHLGXRDIHCKACTFNZOTN":"/EmailAdvise/TestExcel.xlsx"},"type":"OpenApiConnection","inputs":{"host":{"apiId":"/providers/Microsoft.PowerApps/apis/shared_excelonlinebusiness","connectionName":"shared_excelonlinebusiness","operationId":"GetItems"},"parameters":{"source":"groups/6c5113c6-adb8-4460-811b-167df8b98df7","drive":"b!t8uOrBtLFkK3cABM3lMDNOEh4ImlQNlPj7JsJ_mwnvPu9G_iCJdnSqtzNPwOeXHT","file":"01QVJQYPFUBS3HJHLGXRDIHCKACTFNZOTN","table":"Table1"},"authentication":"@parameters('$authentication')"}},"Apply_to_each":{"foreach":"@outputs('List_rows_present_in_a_table')?['body/value']","actions":{"Condition_2":{"actions":{"Populate_a_Microsoft_Word_template":{"runAfter":{},"metadata":{"01QVJQYPF5D4CUADXDVZF2QVJAVUY7NJRL":"/PowerAutomateTemplate.docx","operationMetadataId":"db678c1e-6d8e-4b08-a4db-7f1d41838d4b"},"type":"OpenApiConnection","inputs":{"host":{"apiId":"/providers/Microsoft.PowerApps/apis/shared_wordonlinebusiness","connectionName":"shared_wordonlinebusiness","operationId":"CreateFileItem"},"parameters":{"source":"groups/6c5113c6-adb8-4460-811b-167df8b98df7","drive":"b!t8uOrBtLFkK3cABM3lMDNOEh4ImlQNlPj7JsJ_mwnvPu9G_iCJdnSqtzNPwOeXHT","file":"01QVJQYPF5D4CUADXDVZF2QVJAVUY7NJRL","dynamicFileSchema/696516916":"@items('Apply_to_each')?['Payment']","dynamicFileSchema/1315221083":"@body('Current_time')","dynamicFileSchema/1724251087":"@items('Apply_to_each')?['Person']"},"authentication":"@parameters('$authentication')"}},"Create_file":{"runAfter":{"Populate_a_Microsoft_Word_template":["Succeeded"]},"metadata":{"operationMetadataId":"a4257689-509a-426a-b920-27aa38250de8"},"type":"OpenApiConnection","inputs":{"host":{"apiId":"/providers/Microsoft.PowerApps/apis/shared_sharepointonline","connectionName":"shared_sharepointonline","operationId":"CreateFile"},"parameters":{"dataset":"https://t8656.sharepoint.com/sites/Mail_Manipulation","folderPath":"/Shared Documents","name":"PowerAutomateTemplate_@{body('Current_time')}.docx","body":"@body('Populate_a_Microsoft_Word_template')"},"authentication":"@parameters('$authentication')"},"runtimeConfiguration":{"contentTransfer":{"transferMode":"Chunked"}}},"Get_file_content":{"runAfter":{"Create_file":["Succeeded"]},"metadata":{"%252fShared%2bDocuments%252fPowerAutomateTemplate.docx":"/Shared Documents/PowerAutomateTemplate.docx","operationMetadataId":"a2f9afa7-fa05-4ec2-8e6b-bd46a1a32ab9"},"type":"OpenApiConnection","inputs":{"host":{"apiId":"/providers/Microsoft.PowerApps/apis/shared_sharepointonline","connectionName":"shared_sharepointonline","operationId":"GetFileContent"},"parameters":{"dataset":"https://t8656.sharepoint.com/sites/Mail_Manipulation","id":"@outputs('Create_file')?['body/Id']","inferContentType":true},"authentication":"@parameters('$authentication')"}},"Send_an_email_(V2)":{"runAfter":{"Get_file_content":["Succeeded"]},"metadata":{"operationMetadataId":"d1479b7f-8cb9-412a-8566-ec5e5f8cab27"},"type":"OpenApiConnection","inputs":{"host":{"apiId":"/providers/Microsoft.PowerApps/apis/shared_office365","connectionName":"shared_office365","operationId":"SendEmailV2"},"parameters":{"emailMessage/To":"manuelportero@t8656.onmicrosoft.com","emailMessage/Subject":"WordTemplateTest","emailMessage/Body":"<p>This is a word template test</p>","emailMessage/Attachments":[{"Name":"PowerAutomateTemplate_@{body('Current_time')}.docx","ContentBytes":"@body('Get_file_content')"}],"emailMessage/Importance":"Normal"},"authentication":"@parameters('$authentication')"}}},"runAfter":{},"expression":{"greater":["@int(items('Apply_to_each')?['Payment'])",15]},"metadata":{"operationMetadataId":"7ed56a6c-7af1-4d29-b50d-e6429f3a2f3a"},"type":"If"}},"runAfter":{"List_rows_present_in_a_table":["Succeeded"]},"metadata":{"operationMetadataId":"601da876-c516-4d22-bccd-4bebbcc9596e"},"type":"Foreach"}},"runAfter":{"Get_files_(properties_only)":["Succeeded"]},"metadata":{"operationMetadataId":"c67ef2b6-720b-4574-bd06-d861d79e4904"},"type":"Foreach"},"Current_time":{"runAfter":{},"metadata":{"operationMetadataId":"72694b07-0cd7-48de-8e8a-e3c75369ec9a"},"type":"Expression","kind":"CurrentTime","inputs":{}},"Convert_time_zone":{"runAfter":{"Current_time":["Succeeded"]},"metadata":{"operationMetadataId":"90db7725-c237-445f-8ac8-f1a7b5c4d50b"},"type":"Expression","kind":"ConvertTimeZone","inputs":{"baseTime":"@body('Current_time')","formatString":"d","sourceTimeZone":"UTC","destinationTimeZone":"Romance Standard Time"}}}},"connectionReferences":{"shared_sharepointonline":{"connectionName":"52d1c1b2907441b091a152ca80e9bbba","source":"Embedded","id":"/providers/Microsoft.PowerApps/apis/shared_sharepointonline","tier":"NotSpecified"},"shared_excelonlinebusiness":{"connectionName":"shared-excelonlinebu-a3d52dad-1c5f-4e4b-97a7-35becfa4754a","source":"Embedded","id":"/providers/Microsoft.PowerApps/apis/shared_excelonlinebusiness","tier":"NotSpecified"},"shared_wordonlinebusiness":{"connectionName":"shared-wordonlinebus-8614cc24-8050-4e13-8f3c-5affa6b8343d","source":"Embedded","id":"/providers/Microsoft.PowerApps/apis/shared_wordonlinebusiness","tier":"NotSpecified"},"shared_office365":{"connectionName":"92a551f44d6f4fdd966ad342dace1ef2","source":"Embedded","id":"/providers/Microsoft.PowerApps/apis/shared_office365","tier":"NotSpecified"}},"flowFailureAlertSubscribed":false,"isManaged":false}}