{"name":"f82b95ef-0783-4e9e-a3e1-7f5a122f4546","id":"/providers/Microsoft.Flow/flows/f82b95ef-0783-4e9e-a3e1-7f5a122f4546","type":"Microsoft.Flow/flows","properties":{"apiId":"/providers/Microsoft.PowerApps/apis/shared_logicflows","displayName":"DataProvisioning_Flow","definition":{"metadata":{"workflowEntityId":null,"processAdvisorMetadata":null,"flowclientsuspensionreason":"None","flowclientsuspensiontime":null,"flowclientsuspensionreasondetails":null,"creator":{"id":"d0461964-21df-40c3-9f36-899bff1d35e4","type":"User","tenantId":"e9112c5c-e4bb-4ab9-8b4c-3692f43531a7"},"provisioningMethod":"FromDefinition","failureAlertSubscription":true,"clientLastModifiedTime":"2022-08-16T20:30:57.3171975Z"},"$schema":"https://schema.management.azure.com/providers/Microsoft.Logic/schemas/2016-06-01/workflowdefinition.json#","contentVersion":"1.0.0.0","parameters":{"$connections":{"defaultValue":{},"type":"Object"},"$authentication":{"defaultValue":{},"type":"SecureObject"}},"triggers":{"Schedule":{"recurrence":{"frequency":"Day","interval":1},"metadata":{"operationMetadataId":"d7853f23-3c54-4e48-84de-07f516b8ab7a"},"type":"Recurrence"}},"actions":{"Set_App_Id":{"runAfter":{"Convert_time_zone":["Succeeded"]},"metadata":{"operationMetadataId":"fcfcdcda-eebc-4e48-bce2-efed2599ee14"},"type":"InitializeVariable","inputs":{"variables":[{"name":"AppId","type":"string","value":"92ee2d9c-3f39-4c07-90d3-8d96445ad818"}]}},"Set_Tenant_Id":{"runAfter":{"Set_App_Id":["Succeeded"]},"metadata":{"operationMetadataId":"22c74adf-5cc9-45d4-bd6d-bf98d6c15e05"},"type":"InitializeVariable","inputs":{"variables":[{"name":"TenantId","type":"string","value":"e9112c5c-e4bb-4ab9-8b4c-3692f43531a7"}]}},"Inicializar_variable":{"runAfter":{"Set_Tenant_Id":["Succeeded"]},"metadata":{"operationMetadataId":"73c88685-f221-43ca-b9ab-282736274c35"},"type":"InitializeVariable","inputs":{"variables":[{"name":"SecretValue","type":"string","value":"W658Q~sh~3fBGuzpvr35lu1U46UsGtq2buTLgciT"}]}},"HTTP_user_graph_query":{"runAfter":{"Clear_List_Recursivelly":["Succeeded"]},"metadata":{"operationMetadataId":"7b29130f-0889-42f7-8cb2-0a23fc0496cf"},"type":"Http","inputs":{"method":"GET","uri":"https://graph.microsoft.com/v1.0/users","headers":{"content-type":"application/json"},"authentication":{"type":"ActiveDirectoryOAuth","tenant":"@variables('TenantId')","audience":"https://graph.microsoft.com","clientId":"@variables('AppId')","secret":"@variables('SecretValue')"}}},"Parse_JSON_to_add_in_to_a_Sharepoint_List":{"runAfter":{"HTTP_user_graph_query":["Succeeded"]},"metadata":{"operationMetadataId":"945c92f6-3736-4fd6-8a15-92cb1caebd28"},"type":"ParseJson","inputs":{"content":"@body('HTTP_user_graph_query')","schema":{"type":"object","properties":{"@@odata.context":{"type":"string"},"@@odata.nextLink":{"type":"string"},"value":{"type":"array","items":{"type":"object","properties":{"id":{"type":"string"}},"required":["id"]}}}}}},"Current_time":{"runAfter":{},"metadata":{"operationMetadataId":"ebf97a8a-02bd-44ec-8568-fe374dd1f091"},"type":"Expression","kind":"CurrentTime","inputs":{}},"Convert_time_zone":{"runAfter":{"Current_time":["Succeeded"]},"metadata":{"operationMetadataId":"2dcf93c1-63d4-442d-b9e4-1a95d0549dfd"},"type":"Expression","kind":"ConvertTimeZone","inputs":{"baseTime":"@body('Current_time')","formatString":"D","sourceTimeZone":"UTC","destinationTimeZone":"Romance Standard Time"}},"Set_ODataNextLink":{"runAfter":{"Parse_JSON_to_add_in_to_a_Sharepoint_List":["Succeeded"]},"metadata":{"operationMetadataId":"c6f26e4c-1dec-402d-b14d-a40cb34c6d0d"},"type":"InitializeVariable","inputs":{"variables":[{"name":"ODataNextLink","type":"string","value":"https://graph.microsoft.com/v1.0/users"}]}},"Fill_in_List_Recursivelly":{"actions":{"Apply_to_each":{"foreach":"@body('Parse_JSON_to_add_in_to_a_Sharepoint_List')?['value']","actions":{"Create_item_in_users_sharepoint_list":{"runAfter":{},"metadata":{"operationMetadataId":"a60ae240-6e4f-420d-a2e3-4b993cf10615"},"type":"OpenApiConnection","inputs":{"host":{"apiId":"/providers/Microsoft.PowerApps/apis/shared_sharepointonline","connectionName":"shared_sharepointonline","operationId":"PostItem"},"parameters":{"dataset":"https://t8656.sharepoint.com/sites/graph_provisioning/","table":"88c9d211-750b-4cde-a3c7-729cc837a2a5","item/Title":"@items('Apply_to_each')?['id']","item/UserPrincipalName":"@items('Apply_to_each')?['userPrincipalName']","item/Mail":"@items('Apply_to_each')?['mail']","item/displayName":"@items('Apply_to_each')?['displayName']","item/Phone":"@items('Apply_to_each')?['businessPhones']","item/JobTitle":"@items('Apply_to_each')?['jobTitle']","item/TimeStamp":"@body('Convert_time_zone')"},"authentication":"@parameters('$authentication')"}}},"runAfter":{},"metadata":{"operationMetadataId":"3113706d-f922-4865-8e8e-bae06f059a84"},"type":"Foreach"},"Reset_odata.nextLink":{"runAfter":{"Apply_to_each":["Succeeded"]},"metadata":{"operationMetadataId":"9cbb5bff-3536-4c4e-a0bb-30a022959946"},"type":"SetVariable","inputs":{"name":"ODataNextLink","value":"@body('Parse_JSON_to_add_in_to_a_Sharepoint_List')?['@odata.nextLink']"}}},"runAfter":{"Set_ODataNextLink":["Succeeded"]},"expression":"@not(contains(variables('ODataNextLink'), 'https://graph.microsoft.com/v1.0/users'))","limit":{"count":60,"timeout":"PT1H"},"metadata":{"operationMetadataId":"74e04bc3-df14-45bd-ac09-abe57f5afff8"},"type":"Until"},"Clear_List_Recursivelly":{"actions":{"List_items_in_Sharepoint_List":{"runAfter":{},"metadata":{"operationMetadataId":"318868df-b100-4e88-9808-92dbcdf1e575"},"type":"OpenApiConnection","inputs":{"host":{"apiId":"/providers/Microsoft.PowerApps/apis/shared_sharepointonline","connectionName":"shared_sharepointonline","operationId":"GetItems"},"parameters":{"dataset":"https://t8656.sharepoint.com/sites/graph_provisioning/","table":"88c9d211-750b-4cde-a3c7-729cc837a2a5"},"authentication":"@parameters('$authentication')"}},"Apply_to_each_2":{"foreach":"@outputs('List_items_in_Sharepoint_List')?['body/value']","actions":{"Delete_item":{"runAfter":{},"metadata":{"operationMetadataId":"f722ce92-d540-4d6f-9325-ff43bb1ea44a"},"type":"OpenApiConnection","inputs":{"host":{"apiId":"/providers/Microsoft.PowerApps/apis/shared_sharepointonline","connectionName":"shared_sharepointonline","operationId":"DeleteItem"},"parameters":{"dataset":"https://t8656.sharepoint.com/sites/graph_provisioning/","table":"88c9d211-750b-4cde-a3c7-729cc837a2a5","id":"@items('Apply_to_each_2')?['ID']"},"authentication":"@parameters('$authentication')"}}},"runAfter":{"List_items_in_Sharepoint_List":["Succeeded"]},"metadata":{"operationMetadataId":"3353b9ae-2752-46f6-984c-017565c83ea4"},"type":"Foreach"},"Check_if_List_is_clear":{"runAfter":{"Apply_to_each_2":["Succeeded"]},"metadata":{"operationMetadataId":"1ba0a6e9-d235-475b-bebe-e3932d86b073"},"type":"OpenApiConnection","inputs":{"host":{"apiId":"/providers/Microsoft.PowerApps/apis/shared_sharepointonline","connectionName":"shared_sharepointonline","operationId":"GetItems"},"parameters":{"dataset":"https://t8656.sharepoint.com/sites/graph_provisioning/","table":"88c9d211-750b-4cde-a3c7-729cc837a2a5"},"authentication":"@parameters('$authentication')"}},"ListClear":{"runAfter":{"Check_if_List_is_clear":["Succeeded"]},"metadata":{"operationMetadataId":"989e267c-e871-4bf2-a9fc-174ab4c7f74e"},"type":"Compose","inputs":"@first(outputs('Check_if_List_is_clear')?['body/value'])"},"Condition":{"actions":{"Reset_ListClean":{"runAfter":{},"metadata":{"operationMetadataId":"da80dc29-acf9-4264-aa23-3df7e0bb1732"},"type":"SetVariable","inputs":{"name":"ListClean","value":"ListClear"}}},"runAfter":{"ListClear":["Succeeded"]},"expression":{"equals":["@empty(outputs('ListClear'))",true]},"metadata":{"operationMetadataId":"cb1ef1d7-3e28-4083-bd05-2fcbdf5162aa"},"type":"If"}},"runAfter":{"Set_ListClean":["Succeeded"]},"expression":"@not(contains(variables('ListClean'), 'ListNotClear'))","limit":{"count":60,"timeout":"PT1H"},"metadata":{"operationMetadataId":"1d773b26-3dfe-44ce-989c-e8ad27c47409"},"type":"Until"},"Set_ListClean":{"runAfter":{"Inicializar_variable":["Succeeded"]},"metadata":{"operationMetadataId":"7e01a156-2afc-4789-97d3-d5cc11e17ec8"},"type":"InitializeVariable","inputs":{"variables":[{"name":"ListClean","type":"string","value":"ListNotClear"}]}}},"outputs":{}},"connectionReferences":{"shared_sharepointonline":{"connectionName":"52d1c1b2907441b091a152ca80e9bbba","source":"Embedded","id":"/providers/Microsoft.PowerApps/apis/shared_sharepointonline","tier":"NotSpecified"}},"flowFailureAlertSubscribed":false,"isManaged":false}}